<ImportExportXml version="9.2.22061.180" SolutionPackageVersion="9.2" languagecode="1033" generatedBy="CrmLive" xmlns:xsi="http://www.w3.org/2001/XMLSchema-instance">
  <SolutionManifest>
    <UniqueName>Dynamics365AssetManagementExtension</UniqueName>
    <LocalizedNames>
      <LocalizedName description="Dynamics 365 Asset Management Extension" languagecode="1033" />
    </LocalizedNames>
    <Descriptions />
    <Version>1.0.0.1</Version>
    <Managed>0</Managed>
    <Publisher>
      <UniqueName>MicrosoftDynamicsGlobalBlackBelt</UniqueName>
      <LocalizedNames>
        <LocalizedName description="Microsoft Dynamics Global Black Belt" languagecode="1033" />
      </LocalizedNames>
      <Descriptions>
        <Description description="Microsoft Dynamics Global Black Belt Publisher" languagecode="1033" />
      </Descriptions>
      <EMailAddress xsi:nil="true"></EMailAddress>
      <SupportingWebsiteUrl xsi:nil="true"></SupportingWebsiteUrl>
      <CustomizationPrefix>msdyngbb</CustomizationPrefix>
      <CustomizationOptionValuePrefix>66508</CustomizationOptionValuePrefix>
      <Addresses>
        <Address>
          <AddressNumber>1</AddressNumber>
          <AddressTypeCode>1</AddressTypeCode>
          <City xsi:nil="true"></City>
          <County xsi:nil="true"></County>
          <Country xsi:nil="true"></Country>
          <Fax xsi:nil="true"></Fax>
          <FreightTermsCode xsi:nil="true"></FreightTermsCode>
          <ImportSequenceNumber xsi:nil="true"></ImportSequenceNumber>
          <Latitude xsi:nil="true"></Latitude>
          <Line1 xsi:nil="true"></Line1>
          <Line2 xsi:nil="true"></Line2>
          <Line3 xsi:nil="true"></Line3>
          <Longitude xsi:nil="true"></Longitude>
          <Name xsi:nil="true"></Name>
          <PostalCode xsi:nil="true"></PostalCode>
          <PostOfficeBox xsi:nil="true"></PostOfficeBox>
          <PrimaryContactName xsi:nil="true"></PrimaryContactName>
          <ShippingMethodCode>1</ShippingMethodCode>
          <StateOrProvince xsi:nil="true"></StateOrProvince>
          <Telephone1 xsi:nil="true"></Telephone1>
          <Telephone2 xsi:nil="true"></Telephone2>
          <Telephone3 xsi:nil="true"></Telephone3>
          <TimeZoneRuleVersionNumber xsi:nil="true"></TimeZoneRuleVersionNumber>
          <UPSZone xsi:nil="true"></UPSZone>
          <UTCOffset xsi:nil="true"></UTCOffset>
          <UTCConversionTimeZoneCode xsi:nil="true"></UTCConversionTimeZoneCode>
        </Address>
        <Address>
          <AddressNumber>2</AddressNumber>
          <AddressTypeCode>1</AddressTypeCode>
          <City xsi:nil="true"></City>
          <County xsi:nil="true"></County>
          <Country xsi:nil="true"></Country>
          <Fax xsi:nil="true"></Fax>
          <FreightTermsCode xsi:nil="true"></FreightTermsCode>
          <ImportSequenceNumber xsi:nil="true"></ImportSequenceNumber>
          <Latitude xsi:nil="true"></Latitude>
          <Line1 xsi:nil="true"></Line1>
          <Line2 xsi:nil="true"></Line2>
          <Line3 xsi:nil="true"></Line3>
          <Longitude xsi:nil="true"></Longitude>
          <Name xsi:nil="true"></Name>
          <PostalCode xsi:nil="true"></PostalCode>
          <PostOfficeBox xsi:nil="true"></PostOfficeBox>
          <PrimaryContactName xsi:nil="true"></PrimaryContactName>
          <ShippingMethodCode>1</ShippingMethodCode>
          <StateOrProvince xsi:nil="true"></StateOrProvince>
          <Telephone1 xsi:nil="true"></Telephone1>
          <Telephone2 xsi:nil="true"></Telephone2>
          <Telephone3 xsi:nil="true"></Telephone3>
          <TimeZoneRuleVersionNumber xsi:nil="true"></TimeZoneRuleVersionNumber>
          <UPSZone xsi:nil="true"></UPSZone>
          <UTCOffset xsi:nil="true"></UTCOffset>
          <UTCConversionTimeZoneCode xsi:nil="true"></UTCConversionTimeZoneCode>
        </Address>
      </Addresses>
    </Publisher>
    <RootComponents>
      <RootComponent type="1" schemaName="cdm_company" behavior="1" />
      <RootComponent type="1" schemaName="msdyngbb_assetassetattribute" behavior="0" />
      <RootComponent type="1" schemaName="msdyngbb_assetcounter" behavior="0" />
      <RootComponent type="1" schemaName="msdyngbb_assetcounterregistration" behavior="0" />
      <RootComponent type="1" schemaName="msdyngbb_assetfaultarea" behavior="0" />
      <RootComponent type="1" schemaName="msdyngbb_assetfaultcause" behavior="0" />
      <RootComponent type="1" schemaName="msdyngbb_assetfaultremedy" behavior="0" />
      <RootComponent type="1" schemaName="msdyngbb_assetfaultsymptom" behavior="0" />
      <RootComponent type="1" schemaName="msdyngbb_assetfaulttype" behavior="0" />
      <RootComponent type="1" schemaName="msdyngbb_assetmaintenancechecklistvariable" behavior="0" />
      <RootComponent type="1" schemaName="msdyngbb_assetmaintenancejobtrade" behavior="0" />
      <RootComponent type="1" schemaName="msdyngbb_assetmaintenancejobtype" behavior="0" />
      <RootComponent type="1" schemaName="msdyngbb_assetmaintenancerequest" behavior="0" />
      <RootComponent type="1" schemaName="msdyngbb_assetmaintenancerequestlifecyclemodel" behavior="0" />
      <RootComponent type="1" schemaName="msdyngbb_assetmaintenancerequestlifecyclestate" behavior="0" />
      <RootComponent type="1" schemaName="msdyngbb_assetmaintenancerequesttype" behavior="0" />
      <RootComponent type="1" schemaName="msdyngbb_assetworkorder" behavior="0" />
      <RootComponent type="1" schemaName="msdyngbb_assetworkorderjob" behavior="0" />
      <RootComponent type="1" schemaName="msdyngbb_assetworkorderjobitemforecast" behavior="0" />
      <RootComponent type="1" schemaName="msdyngbb_assetworkorderlifecyclemodel" behavior="0" />
      <RootComponent type="1" schemaName="msdyngbb_assetworkorderlifecyclestate" behavior="0" />
      <RootComponent type="1" schemaName="msdyngbb_assetworkorderlineschedule" behavior="0" />
      <RootComponent type="1" schemaName="msdyngbb_assetworkorderservicelevel" behavior="0" />
      <RootComponent type="1" schemaName="msdyngbb_assetworkordertype" behavior="0" />
      <RootComponent type="1" schemaName="msdyn_customerasset" behavior="1" />
      <RootComponent type="1" schemaName="product" behavior="1" />
      <RootComponent type="29" id="{705e232a-c402-ed11-82e4-0022481f0506}" behavior="0" />
    </RootComponents>
    <MissingDependencies>
      <MissingDependency>
        <Required type="1" schemaName="bookableresourcebooking" displayName="Bookable Resource Booking" solution="msdynce_Scheduling (9.0.0.0)" />
        <Dependent type="29" displayName="Update Asset Work Order Schedules" id="{705e232a-c402-ed11-82e4-0022481f0506}" />
      </MissingDependency>
      <MissingDependency>
        <Required type="1" schemaName="cdm_company" displayName="Company" solution="Dynamics365Company (2.2.2.5)">
          <package>MicrosoftOperationsVEAnchor (2.7.1.82)</package>
          <package>msdyn_DualWriteAppCoreAnchor (2.2.2.72)</package>
        </Required>
        <Dependent type="1" schemaName="cdm_company" displayName="Company" />
      </MissingDependency>
      <MissingDependency>
        <Required type="1" schemaName="cdm_company" displayName="Company" solution="Dynamics365Company (2.2.2.5)">
          <package>MicrosoftOperationsVEAnchor (2.7.1.82)</package>
          <package>msdyn_DualWriteAppCoreAnchor (2.2.2.72)</package>
        </Required>
        <Dependent type="10" schemaName="msdyngbb_msdyngbb_assetassetattribute_Company_cdm_" displayName="msdyngbb_msdyngbb_assetassetattribute_Company_cdm_" parentSchemaName="cdm_company" parentDisplayName="Company" />
      </MissingDependency>
      <MissingDependency>
        <Required type="1" schemaName="cdm_company" displayName="Company" solution="Dynamics365Company (2.2.2.5)">
          <package>MicrosoftOperationsVEAnchor (2.7.1.82)</package>
          <package>msdyn_DualWriteAppCoreAnchor (2.2.2.72)</package>
        </Required>
        <Dependent type="10" schemaName="msdyngbb_msdyngbb_assetcounter_Company_cdm_company" displayName="msdyngbb_msdyngbb_assetcounter_Company_cdm_company" parentSchemaName="cdm_company" parentDisplayName="Company" />
      </MissingDependency>
      <MissingDependency>
        <Required type="1" schemaName="cdm_company" displayName="Company" solution="Dynamics365Company (2.2.2.5)">
          <package>MicrosoftOperationsVEAnchor (2.7.1.82)</package>
          <package>msdyn_DualWriteAppCoreAnchor (2.2.2.72)</package>
        </Required>
        <Dependent type="10" schemaName="msdyngbb_msdyngbb_assetcounterregistration_Company" displayName="msdyngbb_msdyngbb_assetcounterregistration_Company" parentSchemaName="cdm_company" parentDisplayName="Company" />
      </MissingDependency>
      <MissingDependency>
        <Required type="1" schemaName="cdm_company" displayName="Company" solution="Dynamics365Company (2.2.2.5)">
          <package>MicrosoftOperationsVEAnchor (2.7.1.82)</package>
          <package>msdyn_DualWriteAppCoreAnchor (2.2.2.72)</package>
        </Required>
        <Dependent type="10" schemaName="msdyngbb_msdyngbb_assetfaultarea_Company_cdm_compa" displayName="msdyngbb_msdyngbb_assetfaultarea_Company_cdm_compa" parentSchemaName="cdm_company" parentDisplayName="Company" />
      </MissingDependency>
      <MissingDependency>
        <Required type="1" schemaName="cdm_company" displayName="Company" solution="Dynamics365Company (2.2.2.5)">
          <package>MicrosoftOperationsVEAnchor (2.7.1.82)</package>
          <package>msdyn_DualWriteAppCoreAnchor (2.2.2.72)</package>
        </Required>
        <Dependent type="10" schemaName="msdyngbb_msdyngbb_assetfaultcause_Company_cdm_comp" displayName="msdyngbb_msdyngbb_assetfaultcause_Company_cdm_comp" parentSchemaName="cdm_company" parentDisplayName="Company" />
      </MissingDependency>
      <MissingDependency>
        <Required type="1" schemaName="cdm_company" displayName="Company" solution="Dynamics365Company (2.2.2.5)">
          <package>MicrosoftOperationsVEAnchor (2.7.1.82)</package>
          <package>msdyn_DualWriteAppCoreAnchor (2.2.2.72)</package>
        </Required>
        <Dependent type="10" schemaName="msdyngbb_msdyngbb_assetfaultremedy_Company_cdm_com" displayName="msdyngbb_msdyngbb_assetfaultremedy_Company_cdm_com" parentSchemaName="cdm_company" parentDisplayName="Company" />
      </MissingDependency>
      <MissingDependency>
        <Required type="1" schemaName="cdm_company" displayName="Company" solution="Dynamics365Company (2.2.2.5)">
          <package>MicrosoftOperationsVEAnchor (2.7.1.82)</package>
          <package>msdyn_DualWriteAppCoreAnchor (2.2.2.72)</package>
        </Required>
        <Dependent type="10" schemaName="msdyngbb_msdyngbb_assetfaultsymptom_Company_cdm_co" displayName="msdyngbb_msdyngbb_assetfaultsymptom_Company_cdm_co" parentSchemaName="cdm_company" parentDisplayName="Company" />
      </MissingDependency>
      <MissingDependency>
        <Required type="1" schemaName="cdm_company" displayName="Company" solution="Dynamics365Company (2.2.2.5)">
          <package>MicrosoftOperationsVEAnchor (2.7.1.82)</package>
          <package>msdyn_DualWriteAppCoreAnchor (2.2.2.72)</package>
        </Required>
        <Dependent type="10" schemaName="msdyngbb_msdyngbb_assetfaulttype_Company_cdm_compa" displayName="msdyngbb_msdyngbb_assetfaulttype_Company_cdm_compa" parentSchemaName="cdm_company" parentDisplayName="Company" />
      </MissingDependency>
      <MissingDependency>
        <Required type="1" schemaName="cdm_company" displayName="Company" solution="Dynamics365Company (2.2.2.5)">
          <package>MicrosoftOperationsVEAnchor (2.7.1.82)</package>
          <package>msdyn_DualWriteAppCoreAnchor (2.2.2.72)</package>
        </Required>
        <Dependent type="10" schemaName="msdyngbb_msdyngbb_assetmaintenancechecklistvariabl" displayName="msdyngbb_msdyngbb_assetmaintenancechecklistvariabl" parentSchemaName="cdm_company" parentDisplayName="Company" />
      </MissingDependency>
      <MissingDependency>
        <Required type="1" schemaName="cdm_company" displayName="Company" solution="Dynamics365Company (2.2.2.5)">
          <package>MicrosoftOperationsVEAnchor (2.7.1.82)</package>
          <package>msdyn_DualWriteAppCoreAnchor (2.2.2.72)</package>
        </Required>
        <Dependent type="10" schemaName="msdyngbb_msdyngbb_assetmaintenancejobtrade_Company" displayName="msdyngbb_msdyngbb_assetmaintenancejobtrade_Company" parentSchemaName="cdm_company" parentDisplayName="Company" />
      </MissingDependency>
      <MissingDependency>
        <Required type="1" schemaName="cdm_company" displayName="Company" solution="Dynamics365Company (2.2.2.5)">
          <package>MicrosoftOperationsVEAnchor (2.7.1.82)</package>
          <package>msdyn_DualWriteAppCoreAnchor (2.2.2.72)</package>
        </Required>
        <Dependent type="10" schemaName="msdyngbb_msdyngbb_assetmaintenancejobtype_Company_" displayName="msdyngbb_msdyngbb_assetmaintenancejobtype_Company_" parentSchemaName="cdm_company" parentDisplayName="Company" />
      </MissingDependency>
      <MissingDependency>
        <Required type="1" schemaName="cdm_company" displayName="Company" solution="Dynamics365Company (2.2.2.5)">
          <package>MicrosoftOperationsVEAnchor (2.7.1.82)</package>
          <package>msdyn_DualWriteAppCoreAnchor (2.2.2.72)</package>
        </Required>
        <Dependent type="10" schemaName="msdyngbb_msdyngbb_assetmaintenancerequest_Company_" displayName="msdyngbb_msdyngbb_assetmaintenancerequest_Company_" parentSchemaName="cdm_company" parentDisplayName="Company" />
      </MissingDependency>
      <MissingDependency>
        <Required type="1" schemaName="cdm_company" displayName="Company" solution="Dynamics365Company (2.2.2.5)">
          <package>MicrosoftOperationsVEAnchor (2.7.1.82)</package>
          <package>msdyn_DualWriteAppCoreAnchor (2.2.2.72)</package>
        </Required>
        <Dependent type="10" schemaName="msdyngbb_msdyngbb_assetmaintenancerequestlifecycle" displayName="msdyngbb_msdyngbb_assetmaintenancerequestlifecycle" parentSchemaName="cdm_company" parentDisplayName="Company" />
      </MissingDependency>
      <MissingDependency>
        <Required type="1" schemaName="cdm_company" displayName="Company" solution="Dynamics365Company (2.2.2.5)">
          <package>MicrosoftOperationsVEAnchor (2.7.1.82)</package>
          <package>msdyn_DualWriteAppCoreAnchor (2.2.2.72)</package>
        </Required>
        <Dependent type="10" schemaName="msdyngbb_msdyngbb_assetmaintenancerequesttype_Comp" displayName="msdyngbb_msdyngbb_assetmaintenancerequesttype_Comp" parentSchemaName="cdm_company" parentDisplayName="Company" />
      </MissingDependency>
      <MissingDependency>
        <Required type="1" schemaName="cdm_company" displayName="Company" solution="Dynamics365Company (2.2.2.5)">
          <package>MicrosoftOperationsVEAnchor (2.7.1.82)</package>
          <package>msdyn_DualWriteAppCoreAnchor (2.2.2.72)</package>
        </Required>
        <Dependent type="10" schemaName="msdyngbb_msdyngbb_assetmaintrequestlifecyclemodel" displayName="msdyngbb_msdyngbb_assetmaintrequestlifecyclemodel" parentSchemaName="cdm_company" parentDisplayName="Company" />
      </MissingDependency>
      <MissingDependency>
        <Required type="1" schemaName="cdm_company" displayName="Company" solution="Dynamics365Company (2.2.2.5)">
          <package>MicrosoftOperationsVEAnchor (2.7.1.82)</package>
          <package>msdyn_DualWriteAppCoreAnchor (2.2.2.72)</package>
        </Required>
        <Dependent type="10" schemaName="msdyngbb_msdyngbb_assetworkorder_Company_cdm_compa" displayName="msdyngbb_msdyngbb_assetworkorder_Company_cdm_compa" parentSchemaName="cdm_company" parentDisplayName="Company" />
      </MissingDependency>
      <MissingDependency>
        <Required type="1" schemaName="cdm_company" displayName="Company" solution="Dynamics365Company (2.2.2.5)">
          <package>MicrosoftOperationsVEAnchor (2.7.1.82)</package>
          <package>msdyn_DualWriteAppCoreAnchor (2.2.2.72)</package>
        </Required>
        <Dependent type="10" schemaName="msdyngbb_msdyngbb_assetworkorderjob_Company_cdm_co" displayName="msdyngbb_msdyngbb_assetworkorderjob_Company_cdm_co" parentSchemaName="cdm_company" parentDisplayName="Company" />
      </MissingDependency>
      <MissingDependency>
        <Required type="1" schemaName="cdm_company" displayName="Company" solution="Dynamics365Company (2.2.2.5)">
          <package>MicrosoftOperationsVEAnchor (2.7.1.82)</package>
          <package>msdyn_DualWriteAppCoreAnchor (2.2.2.72)</package>
        </Required>
        <Dependent type="10" schemaName="msdyngbb_msdyngbb_assetworkorderjobitemforecast_Co" displayName="msdyngbb_msdyngbb_assetworkorderjobitemforecast_Co" parentSchemaName="cdm_company" parentDisplayName="Company" />
      </MissingDependency>
      <MissingDependency>
        <Required type="1" schemaName="cdm_company" displayName="Company" solution="Dynamics365Company (2.2.2.5)">
          <package>MicrosoftOperationsVEAnchor (2.7.1.82)</package>
          <package>msdyn_DualWriteAppCoreAnchor (2.2.2.72)</package>
        </Required>
        <Dependent type="10" schemaName="msdyngbb_msdyngbb_assetworkorderlifecyclemodel_Com" displayName="msdyngbb_msdyngbb_assetworkorderlifecyclemodel_Com" parentSchemaName="cdm_company" parentDisplayName="Company" />
      </MissingDependency>
      <MissingDependency>
        <Required type="1" schemaName="cdm_company" displayName="Company" solution="Dynamics365Company (2.2.2.5)">
          <package>MicrosoftOperationsVEAnchor (2.7.1.82)</package>
          <package>msdyn_DualWriteAppCoreAnchor (2.2.2.72)</package>
        </Required>
        <Dependent type="10" schemaName="msdyngbb_msdyngbb_assetworkorderlifecyclestate_Com" displayName="msdyngbb_msdyngbb_assetworkorderlifecyclestate_Com" parentSchemaName="cdm_company" parentDisplayName="Company" />
      </MissingDependency>
      <MissingDependency>
        <Required type="1" schemaName="cdm_company" displayName="Company" solution="Dynamics365Company (2.2.2.5)">
          <package>MicrosoftOperationsVEAnchor (2.7.1.82)</package>
          <package>msdyn_DualWriteAppCoreAnchor (2.2.2.72)</package>
        </Required>
        <Dependent type="10" schemaName="msdyngbb_msdyngbb_assetworkorderlineschedule_Compa" displayName="msdyngbb_msdyngbb_assetworkorderlineschedule_Compa" parentSchemaName="cdm_company" parentDisplayName="Company" />
      </MissingDependency>
      <MissingDependency>
        <Required type="1" schemaName="cdm_company" displayName="Company" solution="Dynamics365Company (2.2.2.5)">
          <package>MicrosoftOperationsVEAnchor (2.7.1.82)</package>
          <package>msdyn_DualWriteAppCoreAnchor (2.2.2.72)</package>
        </Required>
        <Dependent type="10" schemaName="msdyngbb_msdyngbb_assetworkorderservicelevel_Compa" displayName="msdyngbb_msdyngbb_assetworkorderservicelevel_Compa" parentSchemaName="cdm_company" parentDisplayName="Company" />
      </MissingDependency>
      <MissingDependency>
        <Required type="1" schemaName="cdm_company" displayName="Company" solution="Dynamics365Company (2.2.2.5)">
          <package>MicrosoftOperationsVEAnchor (2.7.1.82)</package>
          <package>msdyn_DualWriteAppCoreAnchor (2.2.2.72)</package>
        </Required>
        <Dependent type="10" schemaName="msdyngbb_msdyngbb_assetworkordertype_Company_cdm_c" displayName="msdyngbb_msdyngbb_assetworkordertype_Company_cdm_c" parentSchemaName="cdm_company" parentDisplayName="Company" />
      </MissingDependency>
      <MissingDependency>
        <Required type="1" schemaName="msdyn_customerasset" displayName="Asset" solution="msdyn_AssetCommon (1.0.26.9)">
          <package>FieldService_Anchor (8.8.67.16)</package>
          <package>msdyn_DualWriteAssetManagementAnchor (2.2.2.44)</package>
          <package>msdynce_ServiceAnchor (9.0.22055.1012)</package>
          <package>RemoteAssistAnchor (1.0.0.276)</package>
        </Required>
        <Dependent type="1" schemaName="msdyn_customerasset" displayName="Asset" />
      </MissingDependency>
      <MissingDependency>
        <Required type="1" schemaName="mserp_entassetmaintenanceworkorderlinescheduleentity" displayName="Asset management work order schedule (mserp)" solution="MicrosoftOperationsERPVE (1.0.0.0)">
          <package>MicrosoftOperationsVEAnchor (2.7.1.82)</package>
        </Required>
        <Dependent type="29" displayName="Update Asset Work Order Schedules" id="{705e232a-c402-ed11-82e4-0022481f0506}" />
      </MissingDependency>
      <MissingDependency>
        <Required type="1" schemaName="product" displayName="Material" solution="msdynce_ProductManagement (9.0.4.0066)">
          <package>msdynce_ProductManagementAnchor (9.0.22061.10001)</package>
        </Required>
        <Dependent type="1" schemaName="product" displayName="Material" />
      </MissingDependency>
      <MissingDependency>
        <Required type="2" schemaName="endtime" displayName="End Time" parentSchemaName="bookableresourcebooking" parentDisplayName="Bookable Resource Booking" solution="msdynce_Scheduling (9.0.0.0)" />
        <Dependent type="29" displayName="Update Asset Work Order Schedules" id="{705e232a-c402-ed11-82e4-0022481f0506}" />
      </MissingDependency>
      <MissingDependency>
        <Required type="2" schemaName="starttime" displayName="Start Time" parentSchemaName="bookableresourcebooking" parentDisplayName="Bookable Resource Booking" solution="msdynce_Scheduling (9.0.0.0)" />
        <Dependent type="29" displayName="Update Asset Work Order Schedules" id="{705e232a-c402-ed11-82e4-0022481f0506}" />
      </MissingDependency>
      <MissingDependency>
        <Required type="2" schemaName="cdm_companycode" displayName="Company Code" parentSchemaName="cdm_company" parentDisplayName="Company" solution="Dynamics365Company (2.2.2.5)">
          <package>MicrosoftOperationsVEAnchor (2.7.1.82)</package>
          <package>msdyn_DualWriteAppCoreAnchor (2.2.2.72)</package>
        </Required>
        <Dependent type="10" schemaName="msdyngbb_msdyngbb_assetassetattribute_Company_cdm_" displayName="msdyngbb_msdyngbb_assetassetattribute_Company_cdm_" parentSchemaName="cdm_company" parentDisplayName="Company" />
      </MissingDependency>
      <MissingDependency>
        <Required type="2" schemaName="cdm_companycode" displayName="Company Code" parentSchemaName="cdm_company" parentDisplayName="Company" solution="Dynamics365Company (2.2.2.5)">
          <package>MicrosoftOperationsVEAnchor (2.7.1.82)</package>
          <package>msdyn_DualWriteAppCoreAnchor (2.2.2.72)</package>
        </Required>
        <Dependent type="10" schemaName="msdyngbb_msdyngbb_assetcounter_Company_cdm_company" displayName="msdyngbb_msdyngbb_assetcounter_Company_cdm_company" parentSchemaName="cdm_company" parentDisplayName="Company" />
      </MissingDependency>
      <MissingDependency>
        <Required type="2" schemaName="cdm_companycode" displayName="Company Code" parentSchemaName="cdm_company" parentDisplayName="Company" solution="Dynamics365Company (2.2.2.5)">
          <package>MicrosoftOperationsVEAnchor (2.7.1.82)</package>
          <package>msdyn_DualWriteAppCoreAnchor (2.2.2.72)</package>
        </Required>
        <Dependent type="10" schemaName="msdyngbb_msdyngbb_assetcounterregistration_Company" displayName="msdyngbb_msdyngbb_assetcounterregistration_Company" parentSchemaName="cdm_company" parentDisplayName="Company" />
      </MissingDependency>
      <MissingDependency>
        <Required type="2" schemaName="cdm_companycode" displayName="Company Code" parentSchemaName="cdm_company" parentDisplayName="Company" solution="Dynamics365Company (2.2.2.5)">
          <package>MicrosoftOperationsVEAnchor (2.7.1.82)</package>
          <package>msdyn_DualWriteAppCoreAnchor (2.2.2.72)</package>
        </Required>
        <Dependent type="10" schemaName="msdyngbb_msdyngbb_assetfaultarea_Company_cdm_compa" displayName="msdyngbb_msdyngbb_assetfaultarea_Company_cdm_compa" parentSchemaName="cdm_company" parentDisplayName="Company" />
      </MissingDependency>
      <MissingDependency>
        <Required type="2" schemaName="cdm_companycode" displayName="Company Code" parentSchemaName="cdm_company" parentDisplayName="Company" solution="Dynamics365Company (2.2.2.5)">
          <package>MicrosoftOperationsVEAnchor (2.7.1.82)</package>
          <package>msdyn_DualWriteAppCoreAnchor (2.2.2.72)</package>
        </Required>
        <Dependent type="10" schemaName="msdyngbb_msdyngbb_assetfaultcause_Company_cdm_comp" displayName="msdyngbb_msdyngbb_assetfaultcause_Company_cdm_comp" parentSchemaName="cdm_company" parentDisplayName="Company" />
      </MissingDependency>
      <MissingDependency>
        <Required type="2" schemaName="cdm_companycode" displayName="Company Code" parentSchemaName="cdm_company" parentDisplayName="Company" solution="Dynamics365Company (2.2.2.5)">
          <package>MicrosoftOperationsVEAnchor (2.7.1.82)</package>
          <package>msdyn_DualWriteAppCoreAnchor (2.2.2.72)</package>
        </Required>
        <Dependent type="10" schemaName="msdyngbb_msdyngbb_assetfaultremedy_Company_cdm_com" displayName="msdyngbb_msdyngbb_assetfaultremedy_Company_cdm_com" parentSchemaName="cdm_company" parentDisplayName="Company" />
      </MissingDependency>
      <MissingDependency>
        <Required type="2" schemaName="cdm_companycode" displayName="Company Code" parentSchemaName="cdm_company" parentDisplayName="Company" solution="Dynamics365Company (2.2.2.5)">
          <package>MicrosoftOperationsVEAnchor (2.7.1.82)</package>
          <package>msdyn_DualWriteAppCoreAnchor (2.2.2.72)</package>
        </Required>
        <Dependent type="10" schemaName="msdyngbb_msdyngbb_assetfaultsymptom_Company_cdm_co" displayName="msdyngbb_msdyngbb_assetfaultsymptom_Company_cdm_co" parentSchemaName="cdm_company" parentDisplayName="Company" />
      </MissingDependency>
      <MissingDependency>
        <Required type="2" schemaName="cdm_companycode" displayName="Company Code" parentSchemaName="cdm_company" parentDisplayName="Company" solution="Dynamics365Company (2.2.2.5)">
          <package>MicrosoftOperationsVEAnchor (2.7.1.82)</package>
          <package>msdyn_DualWriteAppCoreAnchor (2.2.2.72)</package>
        </Required>
        <Dependent type="10" schemaName="msdyngbb_msdyngbb_assetfaulttype_Company_cdm_compa" displayName="msdyngbb_msdyngbb_assetfaulttype_Company_cdm_compa" parentSchemaName="cdm_company" parentDisplayName="Company" />
      </MissingDependency>
      <MissingDependency>
        <Required type="2" schemaName="cdm_companycode" displayName="Company Code" parentSchemaName="cdm_company" parentDisplayName="Company" solution="Dynamics365Company (2.2.2.5)">
          <package>MicrosoftOperationsVEAnchor (2.7.1.82)</package>
          <package>msdyn_DualWriteAppCoreAnchor (2.2.2.72)</package>
        </Required>
        <Dependent type="10" schemaName="msdyngbb_msdyngbb_assetmaintenancechecklistvariabl" displayName="msdyngbb_msdyngbb_assetmaintenancechecklistvariabl" parentSchemaName="cdm_company" parentDisplayName="Company" />
      </MissingDependency>
      <MissingDependency>
        <Required type="2" schemaName="cdm_companycode" displayName="Company Code" parentSchemaName="cdm_company" parentDisplayName="Company" solution="Dynamics365Company (2.2.2.5)">
          <package>MicrosoftOperationsVEAnchor (2.7.1.82)</package>
          <package>msdyn_DualWriteAppCoreAnchor (2.2.2.72)</package>
        </Required>
        <Dependent type="10" schemaName="msdyngbb_msdyngbb_assetmaintenancejobtrade_Company" displayName="msdyngbb_msdyngbb_assetmaintenancejobtrade_Company" parentSchemaName="cdm_company" parentDisplayName="Company" />
      </MissingDependency>
      <MissingDependency>
        <Required type="2" schemaName="cdm_companycode" displayName="Company Code" parentSchemaName="cdm_company" parentDisplayName="Company" solution="Dynamics365Company (2.2.2.5)">
          <package>MicrosoftOperationsVEAnchor (2.7.1.82)</package>
          <package>msdyn_DualWriteAppCoreAnchor (2.2.2.72)</package>
        </Required>
        <Dependent type="10" schemaName="msdyngbb_msdyngbb_assetmaintenancejobtype_Company_" displayName="msdyngbb_msdyngbb_assetmaintenancejobtype_Company_" parentSchemaName="cdm_company" parentDisplayName="Company" />
      </MissingDependency>
      <MissingDependency>
        <Required type="2" schemaName="cdm_companycode" displayName="Company Code" parentSchemaName="cdm_company" parentDisplayName="Company" solution="Dynamics365Company (2.2.2.5)">
          <package>MicrosoftOperationsVEAnchor (2.7.1.82)</package>
          <package>msdyn_DualWriteAppCoreAnchor (2.2.2.72)</package>
        </Required>
        <Dependent type="10" schemaName="msdyngbb_msdyngbb_assetmaintenancerequest_Company_" displayName="msdyngbb_msdyngbb_assetmaintenancerequest_Company_" parentSchemaName="cdm_company" parentDisplayName="Company" />
      </MissingDependency>
      <MissingDependency>
        <Required type="2" schemaName="cdm_companycode" displayName="Company Code" parentSchemaName="cdm_company" parentDisplayName="Company" solution="Dynamics365Company (2.2.2.5)">
          <package>MicrosoftOperationsVEAnchor (2.7.1.82)</package>
          <package>msdyn_DualWriteAppCoreAnchor (2.2.2.72)</package>
        </Required>
        <Dependent type="10" schemaName="msdyngbb_msdyngbb_assetmaintenancerequestlifecycle" displayName="msdyngbb_msdyngbb_assetmaintenancerequestlifecycle" parentSchemaName="cdm_company" parentDisplayName="Company" />
      </MissingDependency>
      <MissingDependency>
        <Required type="2" schemaName="cdm_companycode" displayName="Company Code" parentSchemaName="cdm_company" parentDisplayName="Company" solution="Dynamics365Company (2.2.2.5)">
          <package>MicrosoftOperationsVEAnchor (2.7.1.82)</package>
          <package>msdyn_DualWriteAppCoreAnchor (2.2.2.72)</package>
        </Required>
        <Dependent type="10" schemaName="msdyngbb_msdyngbb_assetmaintenancerequesttype_Comp" displayName="msdyngbb_msdyngbb_assetmaintenancerequesttype_Comp" parentSchemaName="cdm_company" parentDisplayName="Company" />
      </MissingDependency>
      <MissingDependency>
        <Required type="2" schemaName="cdm_companycode" displayName="Company Code" parentSchemaName="cdm_company" parentDisplayName="Company" solution="Dynamics365Company (2.2.2.5)">
          <package>MicrosoftOperationsVEAnchor (2.7.1.82)</package>
          <package>msdyn_DualWriteAppCoreAnchor (2.2.2.72)</package>
        </Required>
        <Dependent type="10" schemaName="msdyngbb_msdyngbb_assetmaintrequestlifecyclemodel" displayName="msdyngbb_msdyngbb_assetmaintrequestlifecyclemodel" parentSchemaName="cdm_company" parentDisplayName="Company" />
      </MissingDependency>
      <MissingDependency>
        <Required type="2" schemaName="cdm_companycode" displayName="Company Code" parentSchemaName="cdm_company" parentDisplayName="Company" solution="Dynamics365Company (2.2.2.5)">
          <package>MicrosoftOperationsVEAnchor (2.7.1.82)</package>
          <package>msdyn_DualWriteAppCoreAnchor (2.2.2.72)</package>
        </Required>
        <Dependent type="10" schemaName="msdyngbb_msdyngbb_assetworkorder_Company_cdm_compa" displayName="msdyngbb_msdyngbb_assetworkorder_Company_cdm_compa" parentSchemaName="cdm_company" parentDisplayName="Company" />
      </MissingDependency>
      <MissingDependency>
        <Required type="2" schemaName="cdm_companycode" displayName="Company Code" parentSchemaName="cdm_company" parentDisplayName="Company" solution="Dynamics365Company (2.2.2.5)">
          <package>MicrosoftOperationsVEAnchor (2.7.1.82)</package>
          <package>msdyn_DualWriteAppCoreAnchor (2.2.2.72)</package>
        </Required>
        <Dependent type="10" schemaName="msdyngbb_msdyngbb_assetworkorderjob_Company_cdm_co" displayName="msdyngbb_msdyngbb_assetworkorderjob_Company_cdm_co" parentSchemaName="cdm_company" parentDisplayName="Company" />
      </MissingDependency>
      <MissingDependency>
        <Required type="2" schemaName="cdm_companycode" displayName="Company Code" parentSchemaName="cdm_company" parentDisplayName="Company" solution="Dynamics365Company (2.2.2.5)">
          <package>MicrosoftOperationsVEAnchor (2.7.1.82)</package>
          <package>msdyn_DualWriteAppCoreAnchor (2.2.2.72)</package>
        </Required>
        <Dependent type="10" schemaName="msdyngbb_msdyngbb_assetworkorderjobitemforecast_Co" displayName="msdyngbb_msdyngbb_assetworkorderjobitemforecast_Co" parentSchemaName="cdm_company" parentDisplayName="Company" />
      </MissingDependency>
      <MissingDependency>
        <Required type="2" schemaName="cdm_companycode" displayName="Company Code" parentSchemaName="cdm_company" parentDisplayName="Company" solution="Dynamics365Company (2.2.2.5)">
          <package>MicrosoftOperationsVEAnchor (2.7.1.82)</package>
          <package>msdyn_DualWriteAppCoreAnchor (2.2.2.72)</package>
        </Required>
        <Dependent type="10" schemaName="msdyngbb_msdyngbb_assetworkorderlifecyclemodel_Com" displayName="msdyngbb_msdyngbb_assetworkorderlifecyclemodel_Com" parentSchemaName="cdm_company" parentDisplayName="Company" />
      </MissingDependency>
      <MissingDependency>
        <Required type="2" schemaName="cdm_companycode" displayName="Company Code" parentSchemaName="cdm_company" parentDisplayName="Company" solution="Dynamics365Company (2.2.2.5)">
          <package>MicrosoftOperationsVEAnchor (2.7.1.82)</package>
          <package>msdyn_DualWriteAppCoreAnchor (2.2.2.72)</package>
        </Required>
        <Dependent type="10" schemaName="msdyngbb_msdyngbb_assetworkorderlifecyclestate_Com" displayName="msdyngbb_msdyngbb_assetworkorderlifecyclestate_Com" parentSchemaName="cdm_company" parentDisplayName="Company" />
      </MissingDependency>
      <MissingDependency>
        <Required type="2" schemaName="cdm_companycode" displayName="Company Code" parentSchemaName="cdm_company" parentDisplayName="Company" solution="Dynamics365Company (2.2.2.5)">
          <package>MicrosoftOperationsVEAnchor (2.7.1.82)</package>
          <package>msdyn_DualWriteAppCoreAnchor (2.2.2.72)</package>
        </Required>
        <Dependent type="10" schemaName="msdyngbb_msdyngbb_assetworkorderlineschedule_Compa" displayName="msdyngbb_msdyngbb_assetworkorderlineschedule_Compa" parentSchemaName="cdm_company" parentDisplayName="Company" />
      </MissingDependency>
      <MissingDependency>
        <Required type="2" schemaName="cdm_companycode" displayName="Company Code" parentSchemaName="cdm_company" parentDisplayName="Company" solution="Dynamics365Company (2.2.2.5)">
          <package>MicrosoftOperationsVEAnchor (2.7.1.82)</package>
          <package>msdyn_DualWriteAppCoreAnchor (2.2.2.72)</package>
        </Required>
        <Dependent type="10" schemaName="msdyngbb_msdyngbb_assetworkorderservicelevel_Compa" displayName="msdyngbb_msdyngbb_assetworkorderservicelevel_Compa" parentSchemaName="cdm_company" parentDisplayName="Company" />
      </MissingDependency>
      <MissingDependency>
        <Required type="2" schemaName="cdm_companycode" displayName="Company Code" parentSchemaName="cdm_company" parentDisplayName="Company" solution="Dynamics365Company (2.2.2.5)">
          <package>MicrosoftOperationsVEAnchor (2.7.1.82)</package>
          <package>msdyn_DualWriteAppCoreAnchor (2.2.2.72)</package>
        </Required>
        <Dependent type="10" schemaName="msdyngbb_msdyngbb_assetworkordertype_Company_cdm_c" displayName="msdyngbb_msdyngbb_assetworkordertype_Company_cdm_c" parentSchemaName="cdm_company" parentDisplayName="Company" />
      </MissingDependency>
      <MissingDependency>
        <Required type="2" schemaName="cdm_companyid" displayName="Company" parentSchemaName="cdm_company" parentDisplayName="Company" solution="Dynamics365Company (2.2.2.5)">
          <package>MicrosoftOperationsVEAnchor (2.7.1.82)</package>
          <package>msdyn_DualWriteAppCoreAnchor (2.2.2.72)</package>
        </Required>
        <Dependent type="10" schemaName="msdyngbb_msdyngbb_assetassetattribute_Company_cdm_" displayName="msdyngbb_msdyngbb_assetassetattribute_Company_cdm_" parentSchemaName="cdm_company" parentDisplayName="Company" />
      </MissingDependency>
      <MissingDependency>
        <Required type="2" schemaName="cdm_companyid" displayName="Company" parentSchemaName="cdm_company" parentDisplayName="Company" solution="Dynamics365Company (2.2.2.5)">
          <package>MicrosoftOperationsVEAnchor (2.7.1.82)</package>
          <package>msdyn_DualWriteAppCoreAnchor (2.2.2.72)</package>
        </Required>
        <Dependent type="10" schemaName="msdyngbb_msdyngbb_assetcounter_Company_cdm_company" displayName="msdyngbb_msdyngbb_assetcounter_Company_cdm_company" parentSchemaName="cdm_company" parentDisplayName="Company" />
      </MissingDependency>
      <MissingDependency>
        <Required type="2" schemaName="cdm_companyid" displayName="Company" parentSchemaName="cdm_company" parentDisplayName="Company" solution="Dynamics365Company (2.2.2.5)">
          <package>MicrosoftOperationsVEAnchor (2.7.1.82)</package>
          <package>msdyn_DualWriteAppCoreAnchor (2.2.2.72)</package>
        </Required>
        <Dependent type="10" schemaName="msdyngbb_msdyngbb_assetcounterregistration_Company" displayName="msdyngbb_msdyngbb_assetcounterregistration_Company" parentSchemaName="cdm_company" parentDisplayName="Company" />
      </MissingDependency>
      <MissingDependency>
        <Required type="2" schemaName="cdm_companyid" displayName="Company" parentSchemaName="cdm_company" parentDisplayName="Company" solution="Dynamics365Company (2.2.2.5)">
          <package>MicrosoftOperationsVEAnchor (2.7.1.82)</package>
          <package>msdyn_DualWriteAppCoreAnchor (2.2.2.72)</package>
        </Required>
        <Dependent type="10" schemaName="msdyngbb_msdyngbb_assetfaultarea_Company_cdm_compa" displayName="msdyngbb_msdyngbb_assetfaultarea_Company_cdm_compa" parentSchemaName="cdm_company" parentDisplayName="Company" />
      </MissingDependency>
      <MissingDependency>
        <Required type="2" schemaName="cdm_companyid" displayName="Company" parentSchemaName="cdm_company" parentDisplayName="Company" solution="Dynamics365Company (2.2.2.5)">
          <package>MicrosoftOperationsVEAnchor (2.7.1.82)</package>
          <package>msdyn_DualWriteAppCoreAnchor (2.2.2.72)</package>
        </Required>
        <Dependent type="10" schemaName="msdyngbb_msdyngbb_assetfaultcause_Company_cdm_comp" displayName="msdyngbb_msdyngbb_assetfaultcause_Company_cdm_comp" parentSchemaName="cdm_company" parentDisplayName="Company" />
      </MissingDependency>
      <MissingDependency>
        <Required type="2" schemaName="cdm_companyid" displayName="Company" parentSchemaName="cdm_company" parentDisplayName="Company" solution="Dynamics365Company (2.2.2.5)">
          <package>MicrosoftOperationsVEAnchor (2.7.1.82)</package>
          <package>msdyn_DualWriteAppCoreAnchor (2.2.2.72)</package>
        </Required>
        <Dependent type="10" schemaName="msdyngbb_msdyngbb_assetfaultremedy_Company_cdm_com" displayName="msdyngbb_msdyngbb_assetfaultremedy_Company_cdm_com" parentSchemaName="cdm_company" parentDisplayName="Company" />
      </MissingDependency>
      <MissingDependency>
        <Required type="2" schemaName="cdm_companyid" displayName="Company" parentSchemaName="cdm_company" parentDisplayName="Company" solution="Dynamics365Company (2.2.2.5)">
          <package>MicrosoftOperationsVEAnchor (2.7.1.82)</package>
          <package>msdyn_DualWriteAppCoreAnchor (2.2.2.72)</package>
        </Required>
        <Dependent type="10" schemaName="msdyngbb_msdyngbb_assetfaultsymptom_Company_cdm_co" displayName="msdyngbb_msdyngbb_assetfaultsymptom_Company_cdm_co" parentSchemaName="cdm_company" parentDisplayName="Company" />
      </MissingDependency>
      <MissingDependency>
        <Required type="2" schemaName="cdm_companyid" displayName="Company" parentSchemaName="cdm_company" parentDisplayName="Company" solution="Dynamics365Company (2.2.2.5)">
          <package>MicrosoftOperationsVEAnchor (2.7.1.82)</package>
          <package>msdyn_DualWriteAppCoreAnchor (2.2.2.72)</package>
        </Required>
        <Dependent type="10" schemaName="msdyngbb_msdyngbb_assetfaulttype_Company_cdm_compa" displayName="msdyngbb_msdyngbb_assetfaulttype_Company_cdm_compa" parentSchemaName="cdm_company" parentDisplayName="Company" />
      </MissingDependency>
      <MissingDependency>
        <Required type="2" schemaName="cdm_companyid" displayName="Company" parentSchemaName="cdm_company" parentDisplayName="Company" solution="Dynamics365Company (2.2.2.5)">
          <package>MicrosoftOperationsVEAnchor (2.7.1.82)</package>
          <package>msdyn_DualWriteAppCoreAnchor (2.2.2.72)</package>
        </Required>
        <Dependent type="10" schemaName="msdyngbb_msdyngbb_assetmaintenancechecklistvariabl" displayName="msdyngbb_msdyngbb_assetmaintenancechecklistvariabl" parentSchemaName="cdm_company" parentDisplayName="Company" />
      </MissingDependency>
      <MissingDependency>
        <Required type="2" schemaName="cdm_companyid" displayName="Company" parentSchemaName="cdm_company" parentDisplayName="Company" solution="Dynamics365Company (2.2.2.5)">
          <package>MicrosoftOperationsVEAnchor (2.7.1.82)</package>
          <package>msdyn_DualWriteAppCoreAnchor (2.2.2.72)</package>
        </Required>
        <Dependent type="10" schemaName="msdyngbb_msdyngbb_assetmaintenancejobtrade_Company" displayName="msdyngbb_msdyngbb_assetmaintenancejobtrade_Company" parentSchemaName="cdm_company" parentDisplayName="Company" />
      </MissingDependency>
      <MissingDependency>
        <Required type="2" schemaName="cdm_companyid" displayName="Company" parentSchemaName="cdm_company" parentDisplayName="Company" solution="Dynamics365Company (2.2.2.5)">
          <package>MicrosoftOperationsVEAnchor (2.7.1.82)</package>
          <package>msdyn_DualWriteAppCoreAnchor (2.2.2.72)</package>
        </Required>
        <Dependent type="10" schemaName="msdyngbb_msdyngbb_assetmaintenancejobtype_Company_" displayName="msdyngbb_msdyngbb_assetmaintenancejobtype_Company_" parentSchemaName="cdm_company" parentDisplayName="Company" />
      </MissingDependency>
      <MissingDependency>
        <Required type="2" schemaName="cdm_companyid" displayName="Company" parentSchemaName="cdm_company" parentDisplayName="Company" solution="Dynamics365Company (2.2.2.5)">
          <package>MicrosoftOperationsVEAnchor (2.7.1.82)</package>
          <package>msdyn_DualWriteAppCoreAnchor (2.2.2.72)</package>
        </Required>
        <Dependent type="10" schemaName="msdyngbb_msdyngbb_assetmaintenancerequest_Company_" displayName="msdyngbb_msdyngbb_assetmaintenancerequest_Company_" parentSchemaName="cdm_company" parentDisplayName="Company" />
      </MissingDependency>
      <MissingDependency>
        <Required type="2" schemaName="cdm_companyid" displayName="Company" parentSchemaName="cdm_company" parentDisplayName="Company" solution="Dynamics365Company (2.2.2.5)">
          <package>MicrosoftOperationsVEAnchor (2.7.1.82)</package>
          <package>msdyn_DualWriteAppCoreAnchor (2.2.2.72)</package>
        </Required>
        <Dependent type="10" schemaName="msdyngbb_msdyngbb_assetmaintenancerequestlifecycle" displayName="msdyngbb_msdyngbb_assetmaintenancerequestlifecycle" parentSchemaName="cdm_company" parentDisplayName="Company" />
      </MissingDependency>
      <MissingDependency>
        <Required type="2" schemaName="cdm_companyid" displayName="Company" parentSchemaName="cdm_company" parentDisplayName="Company" solution="Dynamics365Company (2.2.2.5)">
          <package>MicrosoftOperationsVEAnchor (2.7.1.82)</package>
          <package>msdyn_DualWriteAppCoreAnchor (2.2.2.72)</package>
        </Required>
        <Dependent type="10" schemaName="msdyngbb_msdyngbb_assetmaintenancerequesttype_Comp" displayName="msdyngbb_msdyngbb_assetmaintenancerequesttype_Comp" parentSchemaName="cdm_company" parentDisplayName="Company" />
      </MissingDependency>
      <MissingDependency>
        <Required type="2" schemaName="cdm_companyid" displayName="Company" parentSchemaName="cdm_company" parentDisplayName="Company" solution="Dynamics365Company (2.2.2.5)">
          <package>MicrosoftOperationsVEAnchor (2.7.1.82)</package>
          <package>msdyn_DualWriteAppCoreAnchor (2.2.2.72)</package>
        </Required>
        <Dependent type="10" schemaName="msdyngbb_msdyngbb_assetmaintrequestlifecyclemodel" displayName="msdyngbb_msdyngbb_assetmaintrequestlifecyclemodel" parentSchemaName="cdm_company" parentDisplayName="Company" />
      </MissingDependency>
      <MissingDependency>
        <Required type="2" schemaName="cdm_companyid" displayName="Company" parentSchemaName="cdm_company" parentDisplayName="Company" solution="Dynamics365Company (2.2.2.5)">
          <package>MicrosoftOperationsVEAnchor (2.7.1.82)</package>
          <package>msdyn_DualWriteAppCoreAnchor (2.2.2.72)</package>
        </Required>
        <Dependent type="10" schemaName="msdyngbb_msdyngbb_assetworkorder_Company_cdm_compa" displayName="msdyngbb_msdyngbb_assetworkorder_Company_cdm_compa" parentSchemaName="cdm_company" parentDisplayName="Company" />
      </MissingDependency>
      <MissingDependency>
        <Required type="2" schemaName="cdm_companyid" displayName="Company" parentSchemaName="cdm_company" parentDisplayName="Company" solution="Dynamics365Company (2.2.2.5)">
          <package>MicrosoftOperationsVEAnchor (2.7.1.82)</package>
          <package>msdyn_DualWriteAppCoreAnchor (2.2.2.72)</package>
        </Required>
        <Dependent type="10" schemaName="msdyngbb_msdyngbb_assetworkorderjob_Company_cdm_co" displayName="msdyngbb_msdyngbb_assetworkorderjob_Company_cdm_co" parentSchemaName="cdm_company" parentDisplayName="Company" />
      </MissingDependency>
      <MissingDependency>
        <Required type="2" schemaName="cdm_companyid" displayName="Company" parentSchemaName="cdm_company" parentDisplayName="Company" solution="Dynamics365Company (2.2.2.5)">
          <package>MicrosoftOperationsVEAnchor (2.7.1.82)</package>
          <package>msdyn_DualWriteAppCoreAnchor (2.2.2.72)</package>
        </Required>
        <Dependent type="10" schemaName="msdyngbb_msdyngbb_assetworkorderjobitemforecast_Co" displayName="msdyngbb_msdyngbb_assetworkorderjobitemforecast_Co" parentSchemaName="cdm_company" parentDisplayName="Company" />
      </MissingDependency>
      <MissingDependency>
        <Required type="2" schemaName="cdm_companyid" displayName="Company" parentSchemaName="cdm_company" parentDisplayName="Company" solution="Dynamics365Company (2.2.2.5)">
          <package>MicrosoftOperationsVEAnchor (2.7.1.82)</package>
          <package>msdyn_DualWriteAppCoreAnchor (2.2.2.72)</package>
        </Required>
        <Dependent type="10" schemaName="msdyngbb_msdyngbb_assetworkorderlifecyclemodel_Com" displayName="msdyngbb_msdyngbb_assetworkorderlifecyclemodel_Com" parentSchemaName="cdm_company" parentDisplayName="Company" />
      </MissingDependency>
      <MissingDependency>
        <Required type="2" schemaName="cdm_companyid" displayName="Company" parentSchemaName="cdm_company" parentDisplayName="Company" solution="Dynamics365Company (2.2.2.5)">
          <package>MicrosoftOperationsVEAnchor (2.7.1.82)</package>
          <package>msdyn_DualWriteAppCoreAnchor (2.2.2.72)</package>
        </Required>
        <Dependent type="10" schemaName="msdyngbb_msdyngbb_assetworkorderlifecyclestate_Com" displayName="msdyngbb_msdyngbb_assetworkorderlifecyclestate_Com" parentSchemaName="cdm_company" parentDisplayName="Company" />
      </MissingDependency>
      <MissingDependency>
        <Required type="2" schemaName="cdm_companyid" displayName="Company" parentSchemaName="cdm_company" parentDisplayName="Company" solution="Dynamics365Company (2.2.2.5)">
          <package>MicrosoftOperationsVEAnchor (2.7.1.82)</package>
          <package>msdyn_DualWriteAppCoreAnchor (2.2.2.72)</package>
        </Required>
        <Dependent type="10" schemaName="msdyngbb_msdyngbb_assetworkorderlineschedule_Compa" displayName="msdyngbb_msdyngbb_assetworkorderlineschedule_Compa" parentSchemaName="cdm_company" parentDisplayName="Company" />
      </MissingDependency>
      <MissingDependency>
        <Required type="2" schemaName="cdm_companyid" displayName="Company" parentSchemaName="cdm_company" parentDisplayName="Company" solution="Dynamics365Company (2.2.2.5)">
          <package>MicrosoftOperationsVEAnchor (2.7.1.82)</package>
          <package>msdyn_DualWriteAppCoreAnchor (2.2.2.72)</package>
        </Required>
        <Dependent type="10" schemaName="msdyngbb_msdyngbb_assetworkorderservicelevel_Compa" displayName="msdyngbb_msdyngbb_assetworkorderservicelevel_Compa" parentSchemaName="cdm_company" parentDisplayName="Company" />
      </MissingDependency>
      <MissingDependency>
        <Required type="2" schemaName="cdm_companyid" displayName="Company" parentSchemaName="cdm_company" parentDisplayName="Company" solution="Dynamics365Company (2.2.2.5)">
          <package>MicrosoftOperationsVEAnchor (2.7.1.82)</package>
          <package>msdyn_DualWriteAppCoreAnchor (2.2.2.72)</package>
        </Required>
        <Dependent type="10" schemaName="msdyngbb_msdyngbb_assetworkordertype_Company_cdm_c" displayName="msdyngbb_msdyngbb_assetworkordertype_Company_cdm_c" parentSchemaName="cdm_company" parentDisplayName="Company" />
      </MissingDependency>
      <MissingDependency>
        <Required type="2" schemaName="msdyn_customerassetid" displayName="Customer Asset" parentSchemaName="msdyn_customerasset" parentDisplayName="Asset" solution="msdyn_AssetCommon (1.0.26.9)">
          <package>FieldService_Anchor (8.8.67.16)</package>
          <package>msdyn_DualWriteAssetManagementAnchor (2.2.2.44)</package>
          <package>msdynce_ServiceAnchor (9.0.22055.1012)</package>
          <package>RemoteAssistAnchor (1.0.0.276)</package>
        </Required>
        <Dependent type="10" schemaName="msdyngbb_msdyngbb_assetassetattribute_Asset_msdyn_" displayName="msdyngbb_msdyngbb_assetassetattribute_Asset_msdyn_" parentSchemaName="msdyn_customerasset" parentDisplayName="Asset" />
      </MissingDependency>
      <MissingDependency>
        <Required type="2" schemaName="msdyn_customerassetid" displayName="Customer Asset" parentSchemaName="msdyn_customerasset" parentDisplayName="Asset" solution="msdyn_AssetCommon (1.0.26.9)">
          <package>FieldService_Anchor (8.8.67.16)</package>
          <package>msdyn_DualWriteAssetManagementAnchor (2.2.2.44)</package>
          <package>msdynce_ServiceAnchor (9.0.22055.1012)</package>
          <package>RemoteAssistAnchor (1.0.0.276)</package>
        </Required>
        <Dependent type="10" schemaName="msdyngbb_msdyngbb_assetcounterregistration_Asset_m" displayName="msdyngbb_msdyngbb_assetcounterregistration_Asset_m" parentSchemaName="msdyn_customerasset" parentDisplayName="Asset" />
      </MissingDependency>
      <MissingDependency>
        <Required type="2" schemaName="msdyn_name" displayName="Name" parentSchemaName="msdyn_customerasset" parentDisplayName="Asset" solution="msdyn_AssetCommon (1.0.26.9)">
          <package>FieldService_Anchor (8.8.67.16)</package>
          <package>msdyn_DualWriteAssetManagementAnchor (2.2.2.44)</package>
          <package>msdynce_ServiceAnchor (9.0.22055.1012)</package>
          <package>RemoteAssistAnchor (1.0.0.276)</package>
        </Required>
        <Dependent type="10" schemaName="msdyngbb_msdyngbb_assetassetattribute_Asset_msdyn_" displayName="msdyngbb_msdyngbb_assetassetattribute_Asset_msdyn_" parentSchemaName="msdyn_customerasset" parentDisplayName="Asset" />
      </MissingDependency>
      <MissingDependency>
        <Required type="2" schemaName="msdyn_name" displayName="Name" parentSchemaName="msdyn_customerasset" parentDisplayName="Asset" solution="msdyn_AssetCommon (1.0.26.9)">
          <package>FieldService_Anchor (8.8.67.16)</package>
          <package>msdyn_DualWriteAssetManagementAnchor (2.2.2.44)</package>
          <package>msdynce_ServiceAnchor (9.0.22055.1012)</package>
          <package>RemoteAssistAnchor (1.0.0.276)</package>
        </Required>
        <Dependent type="10" schemaName="msdyngbb_msdyngbb_assetcounterregistration_Asset_m" displayName="msdyngbb_msdyngbb_assetcounterregistration_Asset_m" parentSchemaName="msdyn_customerasset" parentDisplayName="Asset" />
      </MissingDependency>
      <MissingDependency>
        <Required type="2" schemaName="name" displayName="Name" parentSchemaName="product" parentDisplayName="Material" solution="msdynce_ProductManagement (9.0.4.0066)">
          <package>msdynce_ProductManagementAnchor (9.0.22061.10001)</package>
        </Required>
        <Dependent type="10" schemaName="msdyngbb_msdyngbb_assetworkorderjobitemforecast_It" displayName="msdyngbb_msdyngbb_assetworkorderjobitemforecast_It" parentSchemaName="product" parentDisplayName="Material" />
      </MissingDependency>
      <MissingDependency>
        <Required type="2" schemaName="productid" displayName="Product" parentSchemaName="product" parentDisplayName="Material" solution="msdynce_ProductManagement (9.0.4.0066)">
          <package>msdynce_ProductManagementAnchor (9.0.22061.10001)</package>
        </Required>
        <Dependent type="10" schemaName="msdyngbb_msdyngbb_assetworkorderjobitemforecast_It" displayName="msdyngbb_msdyngbb_assetworkorderjobitemforecast_It" parentSchemaName="product" parentDisplayName="Material" />
      </MissingDependency>
      <MissingDependency>
        <Required type="61" schemaName="msdyn_/Icons/Entity/CustomerEquipment_16.png" displayName="msdyn_/Icons/Entity/CustomerEquipment_16.png" solution="msdyn_AssetCommon (1.0.26.9)">
          <package>FieldService_Anchor (8.8.67.16)</package>
          <package>msdyn_DualWriteAssetManagementAnchor (2.2.2.44)</package>
          <package>msdynce_ServiceAnchor (9.0.22055.1012)</package>
          <package>RemoteAssistAnchor (1.0.0.276)</package>
        </Required>
        <Dependent type="1" schemaName="msdyn_customerasset" displayName="Asset" />
      </MissingDependency>
      <MissingDependency>
        <Required type="61" schemaName="msdyn_/Icons/Entity/CustomerEquipment_32/_imgs/NavBar/Invisible.gif" displayName="msdyn_/Icons/Entity/CustomerEquipment_32/_imgs/NavBar/Invisible.gif" solution="msdyn_AssetCommon (1.0.26.9)">
          <package>FieldService_Anchor (8.8.67.16)</package>
          <package>msdyn_DualWriteAssetManagementAnchor (2.2.2.44)</package>
          <package>msdynce_ServiceAnchor (9.0.22055.1012)</package>
          <package>RemoteAssistAnchor (1.0.0.276)</package>
        </Required>
        <Dependent type="1" schemaName="msdyn_customerasset" displayName="Asset" />
      </MissingDependency>
      <MissingDependency>
        <Required type="61" schemaName="msdyn_/Icons/SVG/CustomerAssets.svg" displayName="msdyn_/Icons/SVG/CustomerAssets.svg" solution="msdyn_AssetCommon (1.0.26.9)">
          <package>FieldService_Anchor (8.8.67.16)</package>
          <package>msdyn_DualWriteAssetManagementAnchor (2.2.2.44)</package>
          <package>msdynce_ServiceAnchor (9.0.22055.1012)</package>
          <package>RemoteAssistAnchor (1.0.0.276)</package>
        </Required>
        <Dependent type="1" schemaName="msdyn_customerasset" displayName="Asset" />
      </MissingDependency>
      <MissingDependency>
        <Required type="connectionreference" displayName="cr015_sharedcommondataserviceforapps_bc48b" solution="Active" id.connectionreferencelogicalname="cr015_sharedcommondataserviceforapps_bc48b" />
        <Dependent type="29" displayName="Update Asset Work Order Schedules" id="{705e232a-c402-ed11-82e4-0022481f0506}" />
      </MissingDependency>
    </MissingDependencies>
  </SolutionManifest>
</ImportExportXml>