{
  "properties": {
    "connectionReferences": {
      "shared_commondataserviceforapps": {
        "runtimeSource": "embedded",
        "connection": {
          "connectionReferenceLogicalName": "cr015_sharedcommondataserviceforapps_bc48b"
        },
        "api": {
          "name": "shared_commondataserviceforapps"
        }
      }
    },
    "definition": {
      "$schema": "https://schema.management.azure.com/providers/Microsoft.Logic/schemas/2016-06-01/workflowdefinition.json#",
      "contentVersion": "1.0.0.0",
      "parameters": {
        "$connections": {
          "defaultValue": {},
          "type": "Object"
        },
        "$authentication": {
          "defaultValue": {},
          "type": "SecureObject"
        }
      },
      "triggers": {
        "When_a_Work_Order_Schedule_is_updated": {
          "metadata": {
            "operationMetadataId": "ccea0034-3cd8-4779-b1b8-584cce6fc54a"
          },
          "type": "OpenApiConnectionWebhook",
          "inputs": {
            "host": {
              "connectionName": "shared_commondataserviceforapps",
              "operationId": "SubscribeWebhookTrigger",
              "apiId": "/providers/Microsoft.PowerApps/apis/shared_commondataserviceforapps"
            },
            "parameters": {
              "subscriptionRequest/message": 3,
              "subscriptionRequest/entityname": "bookableresourcebooking",
              "subscriptionRequest/scope": 4,
              "subscriptionRequest/filteringattributes": "starttime,endtime"
            },
            "authentication": "@parameters('$authentication')"
          }
        }
      },
      "actions": {
        "Get_Work_Order_Line_Schedule_details": {
          "runAfter": {},
          "metadata": {
            "operationMetadataId": "19e1800b-1ab1-4770-9d0b-2347a2cf8a42"
          },
          "type": "OpenApiConnection",
          "inputs": {
            "host": {
              "connectionName": "shared_commondataserviceforapps",
              "operationId": "ListRecords",
              "apiId": "/providers/Microsoft.PowerApps/apis/shared_commondataserviceforapps"
            },
            "parameters": {
              "entityName": "mserp_entassetmaintenanceworkorderlinescheduleentities",
              "$filter": "mserp_workorderid eq '@{triggerOutputs()?['body/name']}'",
              "$top": 1
            },
            "authentication": "@parameters('$authentication')"
          }
        },
        "Condition": {
          "actions": {
            "Get_first_Work_Order_Line_Schedule": {
              "runAfter": {},
              "metadata": {
                "operationMetadataId": "7877bedb-9913-4947-843a-b34486149df9"
              },
              "type": "Compose",
              "inputs": "@first(outputs('Get_Work_Order_Line_Schedule_details')?['body/value'])"
            },
            "Parse_JSON": {
              "runAfter": {
                "Get_first_Work_Order_Line_Schedule": [
                  "Succeeded"
                ]
              },
              "metadata": {
                "operationMetadataId": "9c7cc9e4-7d30-4be8-b5e0-4adef2c5d6f1"
              },
              "type": "ParseJson",
              "inputs": {
                "content": "@outputs('Get_first_Work_Order_Line_Schedule')",
                "schema": {
                  "type": "object",
                  "properties": {
                    "@@odata.type": {
                      "type": "string"
                    },
                    "@@odata.id": {
                      "type": "string"
                    },
                    "@@odata.etag": {
                      "type": "string"
                    },
                    "@@odata.editLink": {
                      "type": "string"
                    },
                    "mserp_conflict@OData.Community.Display.V1.FormattedValue": {
                      "type": "string"
                    },
                    "mserp_conflict": {
                      "type": "number"
                    },
                    "mserp_hours@OData.Community.Display.V1.FormattedValue": {
                      "type": "string"
                    },
                    "mserp_hours@odata.type": {
                      "type": "string"
                    },
                    "mserp_hours": {
                      "type": "number"
                    },
                    "mserp_scheduledenddatetime@OData.Community.Display.V1.FormattedValue": {
                      "type": "string"
                    },
                    "mserp_scheduledenddatetime@odata.type": {
                      "type": "string"
                    },
                    "mserp_scheduledenddatetime": {
                      "type": "string"
                    },
                    "mserp_scheduledstartdatetime@OData.Community.Display.V1.FormattedValue": {
                      "type": "string"
                    },
                    "mserp_scheduledstartdatetime@odata.type": {
                      "type": "string"
                    },
                    "mserp_scheduledstartdatetime": {
                      "type": "string"
                    },
                    "mserp_scheduletype@OData.Community.Display.V1.FormattedValue": {
                      "type": "string"
                    },
                    "mserp_scheduletype": {
                      "type": "number"
                    },
                    "mserp_status@OData.Community.Display.V1.FormattedValue": {
                      "type": "string"
                    },
                    "mserp_status": {
                      "type": "number"
                    },
                    "mserp_timesec@OData.Community.Display.V1.FormattedValue": {
                      "type": "string"
                    },
                    "mserp_timesec": {
                      "type": "number"
                    },
                    "mserp_wrkctrid": {
                      "type": "string"
                    },
                    "mserp_maintenanceassetid": {
                      "type": "string"
                    },
                    "mserp_workerpersonnelnumber": {
                      "type": "string"
                    },
                    "mserp_workorderid": {
                      "type": "string"
                    },
                    "mserp_workorderlinenumber@OData.Community.Display.V1.FormattedValue": {
                      "type": "string"
                    },
                    "mserp_workorderlinenumber@odata.type": {
                      "type": "string"
                    },
                    "mserp_workorderlinenumber": {
                      "type": "number"
                    },
                    "_mserp_dataareaid_id_value@OData.Community.Display.V1.FormattedValue": {
                      "type": "string"
                    },
                    "_mserp_dataareaid_id_value@Microsoft.Dynamics.CRM.associatednavigationproperty": {
                      "type": "string"
                    },
                    "_mserp_dataareaid_id_value@Microsoft.Dynamics.CRM.lookuplogicalname": {
                      "type": "string"
                    },
                    "_mserp_dataareaid_id_value@odata.type": {
                      "type": "string"
                    },
                    "_mserp_dataareaid_id_value": {
                      "type": "string"
                    },
                    "mserp_dataareaid": {
                      "type": "string"
                    },
                    "mserp_primaryfield": {
                      "type": "string"
                    },
                    "mserp_entassetmaintenanceworkorderlinescheduleentityid@odata.type": {
                      "type": "string"
                    },
                    "mserp_entassetmaintenanceworkorderlinescheduleentityid": {
                      "type": "string"
                    },
                    "mserp_dataAreaId_id@odata.associationLink": {
                      "type": "string"
                    },
                    "mserp_dataAreaId_id@odata.navigationLink": {
                      "type": "string"
                    }
                  }
                }
              }
            },
            "Update_a_row": {
              "runAfter": {
                "Parse_JSON": [
                  "Succeeded"
                ]
              },
              "metadata": {
                "operationMetadataId": "932b0218-e644-4bbb-b538-10a16dbb75aa"
              },
              "type": "OpenApiConnection",
              "inputs": {
                "host": {
                  "connectionName": "shared_commondataserviceforapps",
                  "operationId": "UpdateRecord",
                  "apiId": "/providers/Microsoft.PowerApps/apis/shared_commondataserviceforapps"
                },
                "parameters": {
                  "entityName": "mserp_entassetmaintenanceworkorderlinescheduleentities",
                  "recordId": "@body('Parse_JSON')?['mserp_entassetmaintenanceworkorderlinescheduleentityid']",
                  "item/mserp_scheduledenddatetime": "@triggerOutputs()?['body/endtime']",
                  "item/mserp_scheduledstartdatetime": "@triggerOutputs()?['body/starttime']"
                },
                "authentication": "@parameters('$authentication')"
              }
            }
          },
          "runAfter": {
            "Get_Work_Order_Line_Schedule_details": [
              "Succeeded"
            ]
          },
          "else": {
            "actions": {
              "Add_a_new_row": {
                "runAfter": {},
                "metadata": {
                  "operationMetadataId": "68d2b13b-93d8-4f3d-b01e-dc195903614f"
                },
                "type": "OpenApiConnection",
                "inputs": {
                  "host": {
                    "connectionName": "shared_commondataserviceforapps",
                    "operationId": "CreateRecord",
                    "apiId": "/providers/Microsoft.PowerApps/apis/shared_commondataserviceforapps"
                  },
                  "parameters": {
                    "entityName": "mserp_entassetmaintenanceworkorderlinescheduleentities",
                    "item/mserp_scheduledenddatetime": "@triggerOutputs()?['body/endtime']",
                    "item/mserp_scheduledstartdatetime": "@triggerOutputs()?['body/starttime']",
                    "item/mserp_workorderid": "@triggerOutputs()?['body/name']",
                    "item/mserp_dataareaid": "USMF",
                    "item/mserp_workorderlinenumber": 1,
                    "item/mserp_wrkctrid": "00128",
                    "item/mserp_scheduletype": 200000000,
                    "item/mserp_status": 200000000
                  },
                  "authentication": "@parameters('$authentication')"
                }
              }
            }
          },
          "expression": {
            "greater": [
              "@length(outputs('Get_Work_Order_Line_Schedule_details')?['body/value'])",
              0
            ]
          },
          "metadata": {
            "operationMetadataId": "263038af-9648-4eba-be25-5e7159f0660c"
          },
          "type": "If"
        }
      }
    }
  },
  "schemaVersion": "1.0.0.0"
}